Interventions,Initial_Capital,Annual_Saving,Annual_OpEx,Annual_Pay,Annual_Finance_Period,Project_Duration,Annual_Emission_Reduction,Interest_Rate,Colour,Net_Cash_Flow,NPV,Total_Abatement,MAC
Timers on Kitchen,10000.0,43000.0,10000,0,0,10,246.0,4,yellow,33000.0,257659.5607187159,1995.2803617213367,-129.13451445812453
Building Energy Efficiency,500.0,1808.39,100,0,0,3,7.78,4,limegreen,1708.39,4240.937770254894,21.590208238507053,-196.4287571201375
Rooftop PV,0.0,57496.472,1000,90000,12,20,150.85,4,green,56496.472,-76851.14662552328,2050.100729138375,37.486522263626824
Switch Fleet,0.0,-1000.0,0,0,0,5,61.88,4,blue,-1000.0,-4451.822331016205,275.47876584328276,16.160310277957336
Upgrade to Street Light,320000.0,83220.0,0,96000,20,20,409.442,4,red,83220.0,-493684.370688687,5564.450399336258,88.72113780501574
Worm Farms,310000.0,5000.0,0,0,0,5,250.0,4,grey,5000.0,-287740.888344919,1112.9555827540512,258.53762073136215
